{
    "accel_telem-init": [0.024845458, 0.024987833],
    "adi-init": [0.040308791, 0.040344291],
    "app-init": [0.029524875, 0.029535041],
    "bin_ctl_handler-init": [0.002355583, 0.002492166],
    "bm-init": [0.030726791, 0.030735416],
    "bm_pool_config-init": [0.005211958, 0.005280541],
    "board_manager-init": [0.00303775, 0.003324666],
    "ccos-init": [0.190029291, 0.190059208],
    "clonefilter-init": [0.024957458, 0.025033083],
    "cmh-init": [0.030737291, 0.030741875],
    "cryptofilter-init": [0.026709083, 0.026798375],
    "dam-init": [0.006314, 0.006323208],
    "dma_utils-init": [0.000160041, 0.000268541],
    "dpc_cmd_handler-init": [0.002755583, 0.002963875],
    "ebpf-init": [0.0404495, 0.040549166],
    "epcq-init": [0.000571916, 0.00067125],
    "epnvme-init": [0.027543708, 0.028175708],
    "epsq-init": [0.002360583, 0.002413208],
    "eqm-init": [0.030747166, 0.030752791],
    "ethernet-init": [0.099276375, 0.099303375],
    "filter-init": [0.024450041, 0.024458666],
    "forwarding-init": [0.040587541, 0.099232375],
    "fpc-init": [0.002658541, 0.002763916],
    "fs_retimer_config-init": [0.000575041, 0.000667916],
    "fun_malloc-init": [0.015216708, 0.015257625],
    "fun_mbuf-init": [0.024565791, 0.024710875],
    "funtop-init": [0.028732458, 0.028800625],
    "funvisor_cfg-init": [0.005519625, 0.005526583],
    "halt_signal-init": [0.02844, 0.028623833],
    "hbmdump-init": [0.014675083, 0.01484275],
    "hmon-init": [0.028382125, 0.028389875],
    "host_unit-init": [0.003033916, 0.003098041],
    "hsm-init": [0.014265125, 0.014273458],
    "hu_funos-init": [0.024173416, 0.024210666],
    "hw_dmae_sim-init": [0.000223041, 0.000239666],
    "hw_emmc-init": [0.000515458, 0.000569875],
    "hw_hu-init": [0.003424583, 0.005089083],
    "hw_hu_cfg-init": [0.000565083, 0.002349041],
    "hw_init-init": [0.038948208, 0.038954416],
    "hw_props_init-init": [0.030756041, 0.030763541],
    "hw_sbp-init": [0.030745375, 0.038909541],
    "i2c-init": [0.0023745, 0.002466875],
    "i2c_bus_arbiter-init": [0.002657291, 0.002762958],
    "io_expander-init": [0.002759666, 0.002967875],
    "issu-init": [0.028727583, 0.028805583],
    "lambda-init": [0.040317625, 0.040391958],
    "libfuncrypto-init": [0.024470583, 0.025762708],
    "loader-init": [0.029469791, 0.02947875],
    "mem_region-init": [0.00556, 0.005731416],
    "modcfg-init": [5.0208e-05, 5.8708e-05],
    "module_test-init": [0.200082875, 0.2000895],
    "module_walker-init": [0.028409875, 0.0284175],
    "ncc-init": [0.014487125, 0.014556166],
    "network_cfg-init": [0.040025083, 0.040124041],
    "network_unit-init": [0.099351791, 0.188734583],
    "notification-init": [0.015219333, 0.015228333],
    "nss-init": [0.026480916, 0.02735625],
    "nwqm-init": [0.0307435, 0.03078925],
    "ovs-init": [0.040211083, 0.040227291],
    "pfm-init": [0.006258083, 0.006264083],
    "platform_watchdog-init": [0.028663791, 0.028705541],
    "port-init": [0.188810041, 0.188951458],
    "port_config-init": [0.040126625, 0.040197],
    "port_hw-init": [0.188982958, 0.189023333],
    "qos_shaper-init": [0.024664458, 0.024674791],
    "refbuf-init": [0.006426416, 0.014175333],
    "rss-init": [0.04027025, 0.040302166],
    "stats-init": [0.023748875, 0.024011333],
    "storage_vp_pool_mgr-init": [0.025120958, 0.026257833],
    "sw_hu-init": [0.015177625, 0.023760458],
    "syslog-init": [0.028408458, 0.028736791],
    "telemetry-init": [0.189066208, 0.189887],
    "test-init": [0.199229208, 0.199822791],
    "trace_offload-init": [0.015004708, 0.015031041],
    "virtual_interface-init": [0.040525625, 0.040570083],
    "vol_accelerators_api-init": [0.026320541, 0.026407333],
    "vol_qos-init": [0.02470225, 0.024708583],
    "volume_manager-init": [0.026425833, 0.0266435],
    "vrt-init": [0.040277833, 0.040315583],
    "wait_for_mgmt-init": [0.028737833, 0.0287505],
    "wu_utils-init": [0.028470125, 0.029433958],
    "zip-init": [0.025018125, 0.025028583],
    "zipfilter-init": [0.02670575, 0.026794541]
}
