{
    "accel_telem-init": [21.306851895, 21.306897054],
    "adi-init": [19.055291376, 19.055337411],
    "bin_ctl_handler-init": [6.059821383, 6.059845032],
    "bm_pool_config-init": [6.295888912, 6.298698093],
    "board_manager-init": [6.061926796, 6.260454806],
    "ccos-init": [28.092272778, 28.092290841],
    "charsink_net-init": [19.109973249, 19.110067797],
    "clonefilter-init": [21.306891768, 21.307727336],
    "compute_task-init": [21.603734304, 21.603767592],
    "concat-init": [21.603542529, 21.603560869],
    "container-init": [28.072773149, 28.072789037],
    "crunch-init": [28.072829006, 28.072882985],
    "cryptofilter-init": [21.322110811, 21.322123274],
    "dedupfilter-init": [21.60354503, 21.603666553],
    "device_interface-init": [21.603417445, 21.603491571],
    "dma_utils-init": [6.059488665, 6.059543866],
    "dpc_cmd_handler-init": [6.06175953, 6.061818031],
    "dpc_nvme-init": [28.092838923, 28.093265191],
    "ebpf-init": [19.050484769, 19.055303489],
    "ecvol-init": [21.603537416, 21.604266966],
    "emmcvol-init": [21.603582647, 21.603835073],
    "epcq-init": [6.059880913, 6.060114829],
    "epnvme-init": [21.335637299, 21.335689804],
    "epsq-init": [6.060125265, 6.061764487],
    "erasure-init": [21.306929417, 21.30695076],
    "extent_store-init": [27.634024503, 28.072739186],
    "fabrics_host-init": [21.603590429, 21.60465871],
    "fabricsh_rdma-init": [21.604786989, 21.605276743],
    "fabricsh_rds-init": [21.604682404, 21.605276432],
    "fabricsh_tcp-init": [21.604682746, 21.60527708],
    "fabricst_rds-init": [21.603741792, 21.604350877],
    "fabricst_tcp-init": [21.604350043, 21.604360786],
    "fabricst_tr-init": [21.603546743, 21.603670545],
    "flow-init": [21.306849896, 21.306894014],
    "forwarding-init": [19.055318569, 19.060670437],
    "fpc-init": [6.061750784, 6.061818411],
    "fs_retimer-init": [21.604154524, 21.60440743],
    "fs_retimer_config-init": [6.059896206, 6.061763818],
    "fun_mbuf-init": [21.307726347, 21.308166093],
    "funtop-init": [19.04970988, 19.050064221],
    "funvisor-init": [21.335705801, 21.594380509],
    "fw_upgrade-init": [21.603330452, 21.603416101],
    "h2h_messenger-init": [21.603409593, 21.603422513],
    "halt_signal-init": [19.04968299, 19.05006306],
    "hbmdump-init": [6.397362521, 6.397444606],
    "host_unit-init": [6.061831689, 6.062254744],
    "hu_funos-init": [19.049450481, 19.049463312],
    "hw_emmc-init": [6.060289341, 6.066905808],
    "hw_hsu_perst-init": [21.604673656, 21.604786552],
    "hw_hu-init": [6.26049044, 6.295827085],
    "hw_hu_cfg-init": [6.059877859, 6.061717986],
    "hw_sbp-init": [6.059881587, 6.060262173],
    "hw_smbus-init": [21.60349198, 21.603534788],
    "i2c-init": [6.027805772, 6.028001577],
    "i2c_bus_arbiter-init": [6.060110484, 6.06014786],
    "io_expander-init": [6.061739774, 6.061915813],
    "issu-init": [19.049673663, 19.049793429],
    "kv-init": [21.603777803, 21.603816805],
    "kvmap-init": [21.603901974, 21.604341058],
    "l2_cache_stats-init": [19.302041222, 19.302059539],
    "lambda-init": [19.049795864, 19.050065413],
    "large_ikv-init": [21.603880537, 21.604407026],
    "libfuncrypto-init": [19.0497853, 19.050461196],
    "log_structured_volume-init": [21.603545403, 21.603557933],
    "lookup_engine-init": [21.306810066, 21.306841813],
    "lvs-init": [21.603582084, 21.60372884],
    "mctp_transport-init": [21.603607759, 21.603618308],
    "mem_region-init": [6.298880773, 6.298902687],
    "mkv-init": [21.603748325, 21.603768996],
    "ncc-init": [6.396820142, 6.397341487],
    "network_cfg-init": [19.049725527, 19.050064853],
    "network_unit-init": [19.0607547, 19.086385249],
    "nss-init": [21.321755495, 21.335601414],
    "nullvol-init": [21.603581433, 21.60382397],
    "nvdimm-init": [21.603626184, 21.604213549],
    "nvhbm_driver-init": [21.603576847, 21.60360988],
    "nvmem-init": [21.604236049, 21.604358173],
    "nvmem_vol-init": [21.604395218, 21.604651221],
    "part_vg-init": [21.603588146, 21.60361654],
    "part_vol-init": [21.603586441, 21.603729183],
    "pattern_match-init": [21.603416624, 21.603535817],
    "pci_mgr-init": [21.604786133, 21.737973209],
    "platform_watchdog-init": [19.050104782, 19.050516714],
    "pm-init": [21.308212038, 21.308865776],
    "pm_dfa-init": [21.306951935, 21.30772813],
    "pm_util-init": [21.306928718, 21.306943232],
    "port-init": [19.086427344, 19.088718301],
    "port_config-init": [19.055290773, 19.055336984],
    "port_hw-init": [19.088895689, 19.10992599],
    "rcnvme-init": [21.738457121, 27.633992155],
    "rdma-init": [21.603579336, 21.603823102],
    "rdma_cm-init": [21.603410454, 21.60367871],
    "rdma_test_utils-init": [21.604395579, 21.604656598],
    "rdsock_fun_fcp-init": [21.603531787, 21.603551494],
    "rdsock_fun_tcp-init": [21.603531426, 21.603549172],
    "rdsvol-init": [21.604787354, 21.605021934],
    "refbuf-init": [6.299851629, 6.300943853],
    "repvol-init": [21.6035395, 21.604267552],
    "rss-init": [19.049693947, 19.050063862],
    "sandbox-init": [19.301867973, 19.302026916],
    "slot_mgr-init": [21.306835106, 21.312386365],
    "snapshot-init": [21.603545991, 21.604232381],
    "socket-init": [21.306804358, 21.306820239],
    "status_monitor-init": [21.604350434, 21.604361548],
    "storage_vp_pool_mgr-init": [21.307725877, 21.321737285],
    "stripevol-init": [21.603543001, 21.603556995],
    "sw_hu-init": [19.032194031, 19.049427437],
    "syslog-init": [19.049656276, 19.050037775],
    "task_clone_hydrate-init": [28.092633004, 28.092850978],
    "task_copy-init": [28.092639676, 28.092657103],
    "task_manager-init": [28.09242717, 28.092622468],
    "tcp-init": [21.307727674, 21.307963396],
    "tcp_pcievswitch_memcpy-init": [21.603339155, 21.603355931],
    "tcp_pkt_gen-init": [21.603843666, 21.603854588],
    "telemetry-init": [19.302167807, 19.302443404],
    "temp_sensor-init": [21.312426008, 21.312645444],
    "tls_client_state_machine-init": [21.307726989, 21.307963043],
    "tls_telem-init": [21.306817285, 21.306829953],
    "tmp421_emulation-init": [21.603659057, 21.603733298],
    "trace_offload-init": [19.032112898, 19.032126515],
    "volume_manager-init": [21.321793632, 21.32208858],
    "vp_sample-init": [21.306758376, 21.306789846],
    "vrt-init": [19.049794496, 19.055303087],
    "wu_utils-init": [19.049682494, 19.05529746],
    "xform-init": [21.603628943, 21.603732881],
    "zipfilter-init": [21.322103461, 21.322118866]
}