{
    "accel_telem-init": [15.359631649, 15.359706593],
    "adi-init": [13.097542445, 13.097557662],
    "bin_ctl_handler-init": [0.034153694, 0.034374865],
    "bm_pool_config-init": [0.268680622, 0.271391923],
    "board_manager-init": [0.034381878, 0.233230216],
    "ccos-init": [22.072128718, 22.07214858],
    "charsink_net-init": [13.193295191, 13.193387125],
    "clonefilter-init": [15.360510933, 15.360729992],
    "compute_task-init": [15.639123952, 15.639329423],
    "concat-init": [15.63866576, 15.638708056],
    "container-init": [22.052939695, 22.052954638],
    "crunch-init": [22.053001944, 22.053052148],
    "cryptofilter-init": [15.361949935, 15.361969148],
    "dedupfilter-init": [15.638673069, 15.638709624],
    "device_interface-init": [15.638610549, 15.638966235],
    "dma_utils-init": [0.031741082, 0.031792422],
    "dpc_cmd_handler-init": [0.034390561, 0.034480605],
    "dpc_nvme-init": [22.072271135, 22.072583202],
    "ebpf-init": [13.097600737, 13.103644317],
    "ecvol-init": [15.638656629, 15.638709976],
    "emmcvol-init": [15.638985802, 15.639046506],
    "epcq-init": [0.03199188, 0.032009589],
    "epnvme-init": [15.375167539, 15.37521675],
    "erasure-init": [15.360510109, 15.360788769],
    "ethernet-init": [13.108534173, 13.108561002],
    "extent_store-init": [21.614796432, 22.05290585],
    "fabrics_host-init": [15.639039364, 15.640557086],
    "fabricsh_rdma-init": [15.640803767, 15.640827353],
    "fabricsh_rds-init": [15.641374022, 15.641398353],
    "fabricsh_tcp-init": [15.64057027, 15.640805308],
    "fabricst_tr-init": [15.638969127, 15.639072266],
    "flow-init": [15.359631294, 15.359739709],
    "forwarding-init": [13.103661538, 13.10850418],
    "fpc-init": [0.032147152, 0.034145581],
    "fs_retimer-init": [15.638750609, 15.638862174],
    "fun_malloc-init": [13.079972404, 13.097121769],
    "fun_mbuf-init": [15.359669434, 15.360129522],
    "funtop-init": [13.097413563, 13.097542801],
    "funvisor-init": [15.37522573, 15.629656445],
    "fw_upgrade-init": [15.638753936, 15.639552097],
    "halt_signal-init": [13.097414611, 13.097549171],
    "hbmdump-init": [0.372594538, 0.372675567],
    "host_unit-init": [0.034542153, 0.03544457],
    "hu_funos-init": [13.097174331, 13.097189592],
    "hw_emmc-init": [0.034491926, 0.04104422],
    "hw_hsu_perst-init": [15.638891678, 15.638996457],
    "hw_hu-init": [0.233258349, 0.268621848],
    "hw_hu_cfg-init": [0.031870722, 0.034075041],
    "hw_sbp-init": [0.032004963, 0.034389939],
    "hw_smbus-init": [15.638612634, 15.638649119],
    "i2c-init": [0.000228805, 0.00042655],
    "i2c_bus_arbiter-init": [0.034074564, 0.034165669],
    "ikv-init": [15.638729062, 15.63874482],
    "io_expander-init": [0.032116404, 0.034154605],
    "issu-init": [13.097403634, 13.097541384],
    "jpeg_comp-init": [15.639039867, 15.639207315],
    "kv-init": [15.639373051, 15.639586091],
    "kvmap-init": [15.64055584, 15.641381068],
    "l2_cache_stats-init": [13.355188583, 13.355206014],
    "lambda-init": [13.097427898, 13.097550774],
    "large_ikv-init": [15.640301597, 15.640805738],
    "libfuncrypto-init": [13.097434145, 13.097601342],
    "lookup_engine-init": [15.35958327, 15.35960101],
    "lvs-init": [15.638666577, 15.639018051],
    "mctp_transport-init": [15.638719145, 15.639062587],
    "mem_region-init": [0.271597695, 0.271622425],
    "mkv-init": [15.639082832, 15.63922668],
    "ncc-init": [0.372072951, 0.372576221],
    "network_cfg-init": [13.097414946, 13.097549568],
    "network_unit-init": [13.108575019, 13.134886798],
    "nss-init": [15.361706568, 15.375133783],
    "nullvol-init": [15.638668251, 15.639018764],
    "nvhbm_driver-init": [15.6389863, 15.639047036],
    "nvmem-init": [15.639084197, 15.639943097],
    "nvmem_vol-init": [15.639958838, 15.640556707],
    "nvmevol-init": [21.614794257, 21.615002984],
    "ovs-init": [13.09752891, 13.097555974],
    "part_vg-init": [15.638671419, 15.638719474],
    "part_vol-init": [15.638669726, 15.639019396],
    "pattern_match-init": [15.638751816, 15.638862626],
    "pci_mgr-init": [15.639100065, 15.772772314],
    "platform_watchdog-init": [13.097558302, 13.103701389],
    "pm-init": [15.360789147, 15.361340143],
    "pm_commander-init": [15.639048289, 15.639061356],
    "pm_dfa-init": [15.359996031, 15.36051244],
    "port-init": [13.135003513, 13.136951475],
    "port_config-init": [13.0974426, 13.097465737],
    "port_hw-init": [13.136984685, 13.162761022],
    "rcnvme-init": [15.773005544, 21.614750371],
    "rdma_cm-init": [15.638742499, 15.639549158],
    "rdma_test_utils-init": [15.639561264, 15.639943953],
    "rdsock_fun_fcp-init": [15.638861122, 15.639121491],
    "rdsock_fun_tcp-init": [15.638756816, 15.639080263],
    "rdsvol-init": [15.64080495, 15.641667579],
    "refbuf-init": [0.27257351, 0.273437409],
    "repvol-init": [15.638657502, 15.638718806],
    "sandbox-init": [13.355022165, 13.35517722],
    "slot_mgr-init": [15.359652012, 15.365346431],
    "snapshot-init": [15.638666115, 15.638721681],
    "stats-init": [13.097146741, 13.097160439],
    "status_monitor-init": [15.639077573, 15.639226047],
    "storage_vp_pool_mgr-init": [15.35966858, 15.361276414],
    "stripevol-init": [15.638968059, 15.639037266],
    "sw_hu-init": [13.079958671, 13.097121324],
    "syslog-init": [13.097412899, 13.097530214],
    "task_copy-init": [22.072597464, 22.072829874],
    "task_manager-init": [22.072283553, 22.072580076],
    "task_relocate-init": [22.072710542, 22.072831561],
    "tcp-init": [15.359762617, 15.35978278],
    "tcp_pcievswitch_memcpy-init": [15.638998975, 15.639074191],
    "tcp_pkt_gen-init": [15.639702652, 15.639942683],
    "telemetry-init": [13.355310259, 13.355524916],
    "temp_sensor-init": [15.365379955, 15.365584439],
    "testflow-init": [22.072273266, 22.072286184],
    "tls_telem-init": [15.359587473, 15.359619932],
    "tmp421_emulation-init": [15.638728487, 15.63874206],
    "trace_offload-init": [13.07987661, 13.079890069],
    "volume_manager-init": [15.361301966, 15.361933412],
    "vp_sample-init": [15.359548947, 15.359589173],
    "vrt-init": [13.097421108, 13.097532123],
    "wu_utils-init": [13.097434716, 13.103630966],
    "zip_overlay-init": [15.638721071, 15.638732442],
    "zipfilter-init": [15.361949098, 15.362158664]
}